{"cameraMode":{"drawMode":0,"name":"Shaded","section":"Shading Mode"},"sceneLighting":false,"audioPlay":false,"sceneViewState":{"showFog":true,"showMaterialUpdate":true,"showSkybox":true,"showFlares":true,"showImageEffects":true,"showParticleSystems":true},"in2DMode":false,"pivot":{"x":-9.5367431640625e-7,"y":0.47948020696640017,"z":-9.5367431640625e-7},"rotation":{"x":-0.19298523664474488,"y":0.2934608459472656,"z":-0.04685194045305252,"w":-0.9457569122314453},"size":2.1462831497192385,"orthographic":false}