{"cameraMode":{"drawMode":0,"name":"Shaded","section":"Shading Mode"},"sceneLighting":false,"audioPlay":false,"sceneViewState":{"showFog":true,"showMaterialUpdate":true,"showSkybox":true,"showFlares":true,"showImageEffects":true,"showParticleSystems":true},"in2DMode":false,"pivot":{"x":0.15178793668746949,"y":0.6834908127784729,"z":0.6115546822547913},"rotation":{"x":0.20222139358520509,"y":0.3129960894584656,"z":-0.06838756799697876,"w":0.9255735874176025},"size":5.96563196182251,"orthographic":false}