{"cameraMode":{"drawMode":0,"name":"Shaded","section":"Shading Mode"},"sceneLighting":true,"audioPlay":false,"sceneViewState":{"showFog":true,"showMaterialUpdate":true,"showSkybox":true,"showFlares":true,"showImageEffects":true,"showParticleSystems":true},"in2DMode":false,"pivot":{"x":0.10826611518859863,"y":0.5869648456573486,"z":0.1457817554473877},"rotation":{"x":-0.016631925478577615,"y":-0.9833772778511047,"z":0.13417679071426392,"w":-0.12218481302261353},"size":1.8255720138549805,"orthographic":false}