{"cameraMode":{"drawMode":0,"name":"Shaded","section":"Shading Mode"},"sceneLighting":false,"audioPlay":false,"sceneViewState":{"showFog":true,"showMaterialUpdate":false,"showSkybox":true,"showFlares":true,"showImageEffects":true,"showParticleSystems":true},"in2DMode":false,"pivot":{"x":-2.980232238769531e-7,"y":0.23430399596691132,"z":-4.76837158203125e-7},"rotation":{"x":-0.12143171578645706,"y":-0.5674165487289429,"z":0.08506680279970169,"w":-0.8099731802940369},"size":2.465391159057617,"orthographic":false}