{"cameraMode":{"drawMode":0,"name":"Shaded","section":"Shading Mode"},"sceneLighting":false,"audioPlay":false,"sceneViewState":{"showFog":true,"showMaterialUpdate":true,"showSkybox":true,"showFlares":true,"showImageEffects":true,"showParticleSystems":true},"in2DMode":false,"pivot":{"x":-2.471895217895508,"y":2.492656946182251,"z":0.05751800537109375},"rotation":{"x":0.3707541823387146,"y":0.13796065747737885,"z":-0.06630247831344605,"w":0.926915168762207},"size":11.976162910461426,"orthographic":false}