{"cameraMode":{"drawMode":0,"name":"Shaded","section":"Shading Mode"},"sceneLighting":true,"audioPlay":false,"sceneViewState":{"showFog":true,"showMaterialUpdate":true,"showSkybox":true,"showFlares":true,"showImageEffects":true,"showParticleSystems":true},"in2DMode":false,"pivot":{"x":0.0,"y":1.433000087738037,"z":0.27400004863739016},"rotation":{"x":0.23819349706172944,"y":-0.3660188913345337,"z":-0.04049535468220711,"w":0.9111506938934326},"size":24.006223678588868,"orthographic":false}