{"cameraMode":{"drawMode":0,"name":"Shaded","section":"Shading Mode"},"sceneLighting":false,"audioPlay":false,"sceneViewState":{"showFog":true,"showMaterialUpdate":true,"showSkybox":true,"showFlares":true,"showImageEffects":true,"showParticleSystems":true},"in2DMode":false,"pivot":{"x":2.384185791015625e-7,"y":0.5715824365615845,"z":0.0},"rotation":{"x":0.013803346082568169,"y":0.9784471988677979,"z":-0.18609167635440827,"w":0.09709076583385468},"size":6.076186656951904,"orthographic":false}