{"cameraMode":{"drawMode":0,"name":"Shaded","section":"Shading Mode"},"sceneLighting":true,"audioPlay":false,"sceneViewState":{"showFog":true,"showMaterialUpdate":true,"showSkybox":true,"showFlares":true,"showImageEffects":true,"showParticleSystems":true},"in2DMode":false,"pivot":{"x":-1.3180458545684815,"y":0.13135135173797608,"z":1.0074952840805054},"rotation":{"x":0.17149652540683747,"y":0.40545833110809328,"z":-0.06749620288610459,"w":0.8989183902740479},"size":11.413626670837403,"orthographic":false}