{"cameraMode":{"drawMode":0,"name":"Shaded","section":"Shading Mode"},"sceneLighting":true,"audioPlay":false,"sceneViewState":{"showFog":true,"showMaterialUpdate":true,"showSkybox":true,"showFlares":true,"showImageEffects":true,"showParticleSystems":true},"in2DMode":false,"pivot":{"x":2.1931164264678957,"y":1.4336204528808594,"z":0.6141974925994873},"rotation":{"x":0.12835131585597993,"y":-0.29508745670318606,"z":0.04715174809098244,"w":0.9490118622779846},"size":22.955026626586915,"orthographic":false}