{"cameraMode":{"drawMode":0,"name":"Shaded","section":"Shading Mode"},"sceneLighting":true,"audioPlay":false,"sceneViewState":{"showFog":true,"showMaterialUpdate":true,"showSkybox":true,"showFlares":true,"showImageEffects":true,"showParticleSystems":true},"in2DMode":false,"pivot":{"x":-1.1920928955078126e-7,"y":1.8462369441986085,"z":-4.76837158203125e-7},"rotation":{"x":-0.26893430948257449,"y":-0.008462770842015744,"z":0.05291999503970146,"w":-0.9730138182640076},"size":8.292240142822266,"orthographic":false}