{"cameraMode":{"drawMode":0,"name":"Shaded","section":"Shading Mode"},"sceneLighting":false,"audioPlay":false,"sceneViewState":{"showFog":true,"showMaterialUpdate":false,"showSkybox":true,"showFlares":true,"showImageEffects":true,"showParticleSystems":true},"in2DMode":false,"pivot":{"x":0.551522433757782,"y":1.3386703729629517,"z":0.0523725189268589},"rotation":{"x":-0.018873702734708787,"y":0.9802860617637634,"z":-0.15809263288974763,"w":-0.11700310558080673},"size":2.3244142532348635,"orthographic":false}