{"cameraMode":{"drawMode":0,"name":"Shaded","section":"Shading Mode"},"sceneLighting":false,"audioPlay":false,"sceneViewState":{"showFog":true,"showMaterialUpdate":true,"showSkybox":true,"showFlares":true,"showImageEffects":true,"showParticleSystems":true},"in2DMode":false,"pivot":{"x":-0.011282920837402344,"y":1.5017670392990113,"z":0.10179518163204193},"rotation":{"x":0.3540117144584656,"y":-0.16021443903446198,"z":0.0617830790579319,"w":0.9195766448974609},"size":5.699371337890625,"orthographic":false}