{"cameraMode":{"drawMode":0,"name":"Shaded","section":"Shading Mode"},"sceneLighting":false,"audioPlay":false,"sceneViewState":{"showFog":true,"showMaterialUpdate":true,"showSkybox":true,"showFlares":true,"showImageEffects":true,"showParticleSystems":true},"in2DMode":false,"pivot":{"x":-0.00020825862884521484,"y":1.201596736907959,"z":-0.1057031899690628},"rotation":{"x":0.1663150042295456,"y":-0.17601382732391358,"z":0.0313236266374588,"w":0.972702145576477},"size":5.558620452880859,"orthographic":false}