{"cameraMode":{"drawMode":0,"name":"Shaded","section":"Shading Mode"},"sceneLighting":false,"audioPlay":false,"sceneViewState":{"showFog":true,"showMaterialUpdate":true,"showSkybox":true,"showFlares":true,"showImageEffects":true,"showParticleSystems":true},"in2DMode":false,"pivot":{"x":0.0,"y":0.2934071719646454,"z":-0.00000768899917602539},"rotation":{"x":0.10087272524833679,"y":-0.4939661920070648,"z":0.057009823620319369,"w":0.8646279573440552},"size":2.5058934688568117,"orthographic":false}