{"cameraMode":{"drawMode":0,"name":"Shaded","section":"Shading Mode"},"sceneLighting":false,"audioPlay":false,"sceneViewState":{"showFog":true,"showMaterialUpdate":true,"showSkybox":true,"showFlares":true,"showImageEffects":true,"showParticleSystems":true},"in2DMode":false,"pivot":{"x":-0.0000010728836059570313,"y":0.4736642837524414,"z":-2.9802322387695315e-8},"rotation":{"x":0.1676943302154541,"y":-0.3529379069805145,"z":0.06441989541053772,"w":0.9183567762374878},"size":2.330916166305542,"orthographic":false}