{"cameraMode":{"drawMode":0,"name":"Shaded","section":"Shading Mode"},"sceneLighting":false,"audioPlay":false,"sceneViewState":{"showFog":true,"showMaterialUpdate":true,"showSkybox":true,"showFlares":true,"showImageEffects":true,"showParticleSystems":true},"in2DMode":false,"pivot":{"x":0.0000012218952178955079,"y":0.3087954819202423,"z":0.0},"rotation":{"x":-0.016631925478577615,"y":-0.9833772778511047,"z":0.13417679071426392,"w":-0.12218481302261353},"size":1.9431426525115967,"orthographic":false}