{"cameraMode":{"drawMode":0,"name":"Shaded","section":"Shading Mode"},"sceneLighting":true,"audioPlay":false,"sceneViewState":{"showFog":true,"showMaterialUpdate":true,"showSkybox":true,"showFlares":true,"showImageEffects":true,"showParticleSystems":true},"in2DMode":false,"pivot":{"x":-1.044312596321106,"y":2.200892925262451,"z":-0.7119872570037842},"rotation":{"x":0.12190929800271988,"y":-0.2724676728248596,"z":-0.09268788993358612,"w":0.9616861939430237},"size":20.005186080932618,"orthographic":false}