{"cameraMode":{"drawMode":0,"name":"Shaded","section":"Shading Mode"},"sceneLighting":false,"audioPlay":false,"sceneViewState":{"showFog":true,"showMaterialUpdate":true,"showSkybox":true,"showFlares":true,"showImageEffects":true,"showParticleSystems":true},"in2DMode":false,"pivot":{"x":-2.384185791015625e-7,"y":0.5036184191703796,"z":1.7881393432617188e-7},"rotation":{"x":0.1676943302154541,"y":-0.3529379069805145,"z":0.06441989541053772,"w":0.9183567762374878},"size":2.5223724842071535,"orthographic":false}