{"cameraMode":{"drawMode":0,"name":"Shaded","section":"Shading Mode"},"sceneLighting":false,"audioPlay":false,"sceneViewState":{"showFog":true,"showMaterialUpdate":true,"showSkybox":true,"showFlares":true,"showImageEffects":true,"showParticleSystems":true},"in2DMode":false,"pivot":{"x":0.0000012218952178955079,"y":0.3087954819202423,"z":0.0},"rotation":{"x":0.1676943302154541,"y":-0.3529379069805145,"z":0.06441989541053772,"w":0.9183567762374878},"size":1.9431426525115967,"orthographic":false}