{"cameraMode":{"drawMode":0,"name":"Shaded","section":"Shading Mode"},"sceneLighting":false,"audioPlay":false,"sceneViewState":{"showFog":true,"showMaterialUpdate":false,"showSkybox":true,"showFlares":true,"showImageEffects":true,"showParticleSystems":true},"in2DMode":false,"pivot":{"x":-0.057773806154727939,"y":1.4980571269989014,"z":-0.004088243935257196},"rotation":{"x":-0.24338079988956452,"y":0.5552189350128174,"z":-0.17412914335727693,"w":-0.7760763764381409},"size":2.527909517288208,"orthographic":false}