{"cameraMode":{"drawMode":0,"name":"Shaded","section":"Shading Mode"},"sceneLighting":false,"audioPlay":false,"sceneViewState":{"showFog":true,"showMaterialUpdate":true,"showSkybox":true,"showFlares":true,"showImageEffects":true,"showParticleSystems":true},"in2DMode":false,"pivot":{"x":2.5637247562408449,"y":29.636390686035158,"z":7.260954856872559},"rotation":{"x":0.04027850925922394,"y":0.6735910177230835,"z":-0.03682202100753784,"w":0.737147331237793},"size":106.39204406738281,"orthographic":false}