{"cameraMode":{"drawMode":0,"name":"Shaded","section":"Shading Mode"},"sceneLighting":true,"audioPlay":false,"sceneViewState":{"showFog":true,"showMaterialUpdate":true,"showSkybox":true,"showFlares":true,"showImageEffects":true,"showParticleSystems":true},"in2DMode":false,"pivot":{"x":-0.029999971389770509,"y":1.6160000562667847,"z":1.0404151678085328},"rotation":{"x":0.12835131585597993,"y":-0.29508745670318606,"z":0.04715174809098244,"w":0.9490118622779846},"size":17.790691375732423,"orthographic":false}