{"cameraMode":{"drawMode":0,"name":"Shaded","section":"Shading Mode"},"sceneLighting":true,"audioPlay":false,"sceneViewState":{"showFog":true,"showMaterialUpdate":true,"showSkybox":true,"showFlares":true,"showImageEffects":true,"showParticleSystems":true},"in2DMode":false,"pivot":{"x":-0.012000083923339844,"y":0.4970073699951172,"z":0.20300006866455079},"rotation":{"x":0.23791418969631196,"y":-0.36209943890571597,"z":0.096151202917099,"w":0.8961696624755859},"size":13.763568878173829,"orthographic":false}