{"cameraMode":{"drawMode":0,"name":"Shaded","section":"Shading Mode"},"sceneLighting":false,"audioPlay":false,"sceneViewState":{"showFog":true,"showMaterialUpdate":true,"showSkybox":true,"showFlares":true,"showImageEffects":true,"showParticleSystems":true},"in2DMode":false,"pivot":{"x":0.000054001808166503906,"y":1.1935219764709473,"z":-0.0869869589805603},"rotation":{"x":0.1663150042295456,"y":-0.17601382732391358,"z":0.0313236266374588,"w":0.972702145576477},"size":5.588566303253174,"orthographic":false}