{"cameraMode":{"drawMode":0,"name":"Shaded","section":"Shading Mode"},"sceneLighting":true,"audioPlay":false,"sceneViewState":{"showFog":true,"showMaterialUpdate":true,"showSkybox":true,"showFlares":true,"showImageEffects":true,"showParticleSystems":true},"in2DMode":false,"pivot":{"x":-1.0444999933242798,"y":1.236158013343811,"z":-0.9625000953674316},"rotation":{"x":0.23791418969631196,"y":-0.36209943890571597,"z":0.096151202917099,"w":0.8961696624755859},"size":25.594846725463868,"orthographic":false}