{"cameraMode":{"drawMode":0,"name":"Shaded","section":"Shading Mode"},"sceneLighting":true,"audioPlay":false,"sceneViewState":{"showFog":true,"showMaterialUpdate":true,"showSkybox":true,"showFlares":true,"showImageEffects":true,"showParticleSystems":true},"in2DMode":false,"pivot":{"x":-63.271514892578128,"y":11.496161460876465,"z":15.894649505615235},"rotation":{"x":0.1663150042295456,"y":-0.17601382732391358,"z":0.0313236266374588,"w":0.972702145576477},"size":4.461857795715332,"orthographic":false}