{"cameraMode":{"drawMode":0,"name":"Shaded","section":"Shading Mode"},"sceneLighting":false,"audioPlay":false,"sceneViewState":{"showFog":true,"showMaterialUpdate":true,"showSkybox":true,"showFlares":true,"showImageEffects":true,"showParticleSystems":true},"in2DMode":false,"pivot":{"x":-5.960464477539063e-7,"y":0.41101858019828799,"z":0.0},"rotation":{"x":0.10087272524833679,"y":-0.4939661920070648,"z":0.057009823620319369,"w":0.8646279573440552},"size":2.716569662094116,"orthographic":false}