{"cameraMode":{"drawMode":0,"name":"Shaded","section":"Shading Mode"},"sceneLighting":false,"audioPlay":false,"sceneViewState":{"showFog":false,"showMaterialUpdate":false,"showSkybox":false,"showFlares":false,"showImageEffects":false,"showParticleSystems":false},"in2DMode":false,"pivot":{"x":-2.0521740913391115,"y":2.248758316040039,"z":-0.07763516902923584},"rotation":{"x":0.0012635450111702085,"y":0.9961579442024231,"z":-0.08627890795469284,"w":0.014962056651711464},"size":7.41438102722168,"orthographic":false}