{"cameraMode":{"drawMode":0,"name":"Shaded","section":"Shading Mode"},"sceneLighting":false,"audioPlay":false,"sceneViewState":{"showFog":true,"showMaterialUpdate":true,"showSkybox":true,"showFlares":true,"showImageEffects":true,"showParticleSystems":true},"in2DMode":false,"pivot":{"x":0.0,"y":0.9019508361816406,"z":-0.08772353827953339},"rotation":{"x":0.1663150042295456,"y":-0.17601382732391358,"z":0.0313236266374588,"w":0.972702145576477},"size":4.918901443481445,"orthographic":false}