{"cameraMode":{"drawMode":0,"name":"Shaded","section":"Shading Mode"},"sceneLighting":true,"audioPlay":false,"sceneViewState":{"showFog":true,"showMaterialUpdate":true,"showSkybox":true,"showFlares":true,"showImageEffects":true,"showParticleSystems":true},"in2DMode":false,"pivot":{"x":0.0,"y":1.6579999923706055,"z":-0.35500001907348635},"rotation":{"x":0.2347823530435562,"y":0.0605015829205513,"z":-0.1431470811367035,"w":0.9712257981300354},"size":28.00726318359375,"orthographic":false}