{"cameraMode":{"drawMode":0,"name":"Shaded","section":"Shading Mode"},"sceneLighting":false,"audioPlay":false,"sceneViewState":{"showFog":true,"showMaterialUpdate":false,"showSkybox":true,"showFlares":true,"showImageEffects":true,"showParticleSystems":true},"in2DMode":false,"pivot":{"x":-0.11355388164520264,"y":0.5850855708122253,"z":0.04756009578704834},"rotation":{"x":-0.08033397793769837,"y":0.4345740079879761,"z":-0.03894871845841408,"w":-0.8962002992630005},"size":1.7741601467132569,"orthographic":false}