{"cameraMode":{"drawMode":0,"name":"Shaded","section":"Shading Mode"},"sceneLighting":true,"audioPlay":false,"sceneViewState":{"showFog":true,"showMaterialUpdate":true,"showSkybox":true,"showFlares":true,"showImageEffects":true,"showParticleSystems":true},"in2DMode":false,"pivot":{"x":-46.786006927490237,"y":11.336349487304688,"z":33.605865478515628},"rotation":{"x":-0.13000336289405824,"y":0.9115546345710754,"z":-0.18726438283920289,"w":-0.37290048599243166},"size":3.7114179134368898,"orthographic":false}