{"cameraMode":{"drawMode":0,"name":"Shaded","section":"Shading Mode"},"sceneLighting":false,"audioPlay":false,"sceneViewState":{"showFog":true,"showMaterialUpdate":false,"showSkybox":true,"showFlares":true,"showImageEffects":true,"showParticleSystems":true},"in2DMode":false,"pivot":{"x":0.000064849853515625,"y":0.8805052042007446,"z":-0.11747456341981888},"rotation":{"x":0.07534831762313843,"y":0.9003920555114746,"z":-0.16599825024604798,"w":0.3950461745262146},"size":4.841297149658203,"orthographic":false}