{"cameraMode":{"drawMode":0,"name":"Shaded","section":"Shading Mode"},"sceneLighting":false,"audioPlay":false,"sceneViewState":{"showFog":true,"showMaterialUpdate":true,"showSkybox":true,"showFlares":true,"showImageEffects":true,"showParticleSystems":true},"in2DMode":false,"pivot":{"x":0.007648348808288574,"y":0.8481078147888184,"z":-0.23510611057281495},"rotation":{"x":-0.0691385418176651,"y":0.8952392935752869,"z":-0.1558390110731125,"w":-0.41168028116226199},"size":8.561513900756836,"orthographic":false}