{"cameraMode":{"drawMode":0,"name":"Shaded","section":"Shading Mode"},"sceneLighting":false,"audioPlay":false,"sceneViewState":{"showFog":true,"showMaterialUpdate":true,"showSkybox":true,"showFlares":true,"showImageEffects":true,"showParticleSystems":true},"in2DMode":false,"pivot":{"x":-0.6255801916122437,"y":1.2278419733047486,"z":5.960464477539063e-8},"rotation":{"x":-0.08550383150577545,"y":-0.874144434928894,"z":0.16100262105464936,"w":-0.4501540958881378},"size":4.626609802246094,"orthographic":false}