{"cameraMode":{"drawMode":0,"name":"Shaded","section":"Shading Mode"},"sceneLighting":false,"audioPlay":false,"sceneViewState":{"showFog":true,"showMaterialUpdate":true,"showSkybox":true,"showFlares":true,"showImageEffects":true,"showParticleSystems":true},"in2DMode":false,"pivot":{"x":9.5367431640625e-7,"y":-0.012664794921875,"z":0.23373746871948243},"rotation":{"x":-0.2741051912307739,"y":-0.17948302626609803,"z":0.04974253848195076,"w":-0.9434923529624939},"size":2.224705457687378,"orthographic":false}