{"cameraMode":{"drawMode":0,"name":"Shaded","section":"Shading Mode"},"sceneLighting":false,"audioPlay":false,"sceneViewState":{"showFog":true,"showMaterialUpdate":true,"showSkybox":true,"showFlares":true,"showImageEffects":true,"showParticleSystems":true},"in2DMode":false,"pivot":{"x":-0.6243319511413574,"y":1.0902727842330933,"z":-3.725290298461914e-8},"rotation":{"x":-0.08550383150577545,"y":-0.874144434928894,"z":0.16100262105464936,"w":-0.4501540958881378},"size":6.028782844543457,"orthographic":false}