{"cameraMode":{"drawMode":0,"name":"Shaded","section":"Shading Mode"},"sceneLighting":false,"audioPlay":false,"sceneViewState":{"showFog":true,"showMaterialUpdate":true,"showSkybox":true,"showFlares":true,"showImageEffects":true,"showParticleSystems":true},"in2DMode":false,"pivot":{"x":-3.3440661430358888,"y":2.3410518169403078,"z":-0.1242823600769043},"rotation":{"x":-0.10993839055299759,"y":-0.4617704153060913,"z":0.05519858002662659,"w":-0.8784274458885193},"size":6.735977649688721,"orthographic":false}