{"cameraMode":{"drawMode":0,"name":"Shaded","section":"Shading Mode"},"sceneLighting":false,"audioPlay":false,"sceneViewState":{"showFog":true,"showMaterialUpdate":true,"showSkybox":true,"showFlares":true,"showImageEffects":true,"showParticleSystems":true},"in2DMode":false,"pivot":{"x":-2.488570213317871,"y":0.04991483688354492,"z":2.5297603607177736},"rotation":{"x":0.2464665025472641,"y":0.14673803746700288,"z":-0.0377601757645607,"w":0.957233726978302},"size":6.113912105560303,"orthographic":false}