{"cameraMode":{"drawMode":0,"name":"Shaded","section":"Shading Mode"},"sceneLighting":false,"audioPlay":false,"sceneViewState":{"showFog":true,"showMaterialUpdate":true,"showSkybox":true,"showFlares":true,"showImageEffects":true,"showParticleSystems":true},"in2DMode":false,"pivot":{"x":-2.498483657836914,"y":0.04986953362822533,"z":2.4992780685424806},"rotation":{"x":-0.08979644626379013,"y":-0.2899899482727051,"z":0.024960706010460855,"w":-0.952480673789978},"size":11.673680305480957,"orthographic":false}