{"cameraMode":{"drawMode":0,"name":"Shaded","section":"Shading Mode"},"sceneLighting":false,"audioPlay":false,"sceneViewState":{"showFog":true,"showMaterialUpdate":true,"showSkybox":true,"showFlares":true,"showImageEffects":true,"showParticleSystems":true},"in2DMode":false,"pivot":{"x":-2.4999942779541017,"y":0.08955499529838562,"z":2.499999523162842},"rotation":{"x":-0.2741051912307739,"y":-0.17948302626609803,"z":0.04974253848195076,"w":-0.9434923529624939},"size":11.671292304992676,"orthographic":false}