{"cameraMode":{"drawMode":0,"name":"Shaded","section":"Shading Mode"},"sceneLighting":false,"audioPlay":false,"sceneViewState":{"showFog":true,"showMaterialUpdate":true,"showSkybox":true,"showFlares":true,"showImageEffects":true,"showParticleSystems":true},"in2DMode":false,"pivot":{"x":-0.11485624313354492,"y":0.09533572196960449,"z":0.11501383781433106},"rotation":{"x":-0.057989586144685748,"y":0.92879319190979,"z":-0.17438356578350068,"w":-0.32182416319847109},"size":13.666413307189942,"orthographic":false}