{"cameraMode":{"drawMode":0,"name":"Shaded","section":"Shading Mode"},"sceneLighting":false,"audioPlay":false,"sceneViewState":{"showFog":true,"showMaterialUpdate":true,"showSkybox":true,"showFlares":true,"showImageEffects":true,"showParticleSystems":true},"in2DMode":false,"pivot":{"x":0.08081245422363281,"y":0.5522341132164002,"z":-0.005342036485671997},"rotation":{"x":-0.0691385418176651,"y":0.8952392935752869,"z":-0.1558390110731125,"w":-0.41168028116226199},"size":3.543869733810425,"orthographic":false}