{"cameraMode":{"drawMode":0,"name":"Shaded","section":"Shading Mode"},"sceneLighting":false,"audioPlay":false,"sceneViewState":{"showFog":true,"showMaterialUpdate":true,"showSkybox":true,"showFlares":true,"showImageEffects":true,"showParticleSystems":true},"in2DMode":false,"pivot":{"x":0.16518783569335938,"y":0.34866443276405337,"z":-0.010205268859863282},"rotation":{"x":0.2898671627044678,"y":0.28265872597694399,"z":-0.09004438668489456,"w":0.9099302887916565},"size":19.62354278564453,"orthographic":false}