{"cameraMode":{"drawMode":0,"name":"Shaded","section":"Shading Mode"},"sceneLighting":true,"audioPlay":false,"sceneViewState":{"showFog":true,"showMaterialUpdate":true,"showSkybox":true,"showFlares":true,"showImageEffects":true,"showParticleSystems":true},"in2DMode":false,"pivot":{"x":1.5570244789123536,"y":-7.1428985595703129,"z":14.063450813293457},"rotation":{"x":-0.5200404524803162,"y":-0.001670575700700283,"z":0.001130468095652759,"w":-0.8541392683982849},"size":27.995906829833986,"orthographic":false}