{"cameraMode":{"drawMode":0,"name":"Shaded","section":"Shading Mode"},"sceneLighting":false,"audioPlay":false,"sceneViewState":{"showFog":true,"showMaterialUpdate":true,"showSkybox":true,"showFlares":true,"showImageEffects":true,"showParticleSystems":true},"in2DMode":false,"pivot":{"x":0.0841379165649414,"y":0.35575881600379946,"z":0.032552242279052737},"rotation":{"x":-0.057989586144685748,"y":0.92879319190979,"z":-0.17438356578350068,"w":-0.32182416319847109},"size":2.393228530883789,"orthographic":false}