{"cameraMode":{"drawMode":0,"name":"Shaded","section":"Shading Mode"},"sceneLighting":false,"audioPlay":false,"sceneViewState":{"showFog":true,"showMaterialUpdate":false,"showSkybox":true,"showFlares":true,"showImageEffects":true,"showParticleSystems":true},"in2DMode":false,"pivot":{"x":-2.5000009536743166,"y":0.08059252053499222,"z":2.499999523162842},"rotation":{"x":-0.06436282396316529,"y":0.6668128967285156,"z":-0.06106529384851456,"w":-0.7399250268936157},"size":11.670526504516602,"orthographic":false}