{"cameraMode":{"drawMode":0,"name":"Shaded","section":"Shading Mode"},"sceneLighting":false,"audioPlay":false,"sceneViewState":{"showFog":true,"showMaterialUpdate":true,"showSkybox":true,"showFlares":true,"showImageEffects":true,"showParticleSystems":true},"in2DMode":false,"pivot":{"x":-0.002225905656814575,"y":0.06102937459945679,"z":1.019959568977356},"rotation":{"x":-0.0691385418176651,"y":0.8952392935752869,"z":-0.1558390110731125,"w":-0.41168028116226199},"size":4.136244773864746,"orthographic":false}