{"cameraMode":{"drawMode":0,"name":"Shaded","section":"Shading Mode"},"sceneLighting":false,"audioPlay":false,"sceneViewState":{"showFog":true,"showMaterialUpdate":true,"showSkybox":true,"showFlares":true,"showImageEffects":true,"showParticleSystems":true},"in2DMode":false,"pivot":{"x":0.0005678534507751465,"y":0.01377570629119873,"z":-0.02590268850326538},"rotation":{"x":-0.057989586144685748,"y":0.92879319190979,"z":-0.17438356578350068,"w":-0.32182416319847109},"size":4.663673400878906,"orthographic":false}