{"cameraMode":{"drawMode":0,"name":"Shaded","section":"Shading Mode"},"sceneLighting":false,"audioPlay":false,"sceneViewState":{"showFog":true,"showMaterialUpdate":true,"showSkybox":true,"showFlares":true,"showImageEffects":true,"showParticleSystems":true},"in2DMode":false,"pivot":{"x":-5.308366298675537,"y":2.152327537536621,"z":-0.008281230926513672},"rotation":{"x":0.006357395090162754,"y":0.9571434259414673,"z":0.013424220494925976,"w":-0.2892332971096039},"size":13.975323677062989,"orthographic":false}