{"cameraMode":{"drawMode":0,"name":"Shaded","section":"Shading Mode"},"sceneLighting":false,"audioPlay":false,"sceneViewState":{"showFog":true,"showMaterialUpdate":true,"showSkybox":true,"showFlares":true,"showImageEffects":true,"showParticleSystems":true},"in2DMode":false,"pivot":{"x":-1.766990065574646,"y":-0.8955428004264832,"z":-0.32454681396484377},"rotation":{"x":0.0030976536218076946,"y":0.9891518354415894,"z":-0.1467617303133011,"w":0.00547653017565608},"size":5.228206634521484,"orthographic":false}