{"cameraMode":{"drawMode":0,"name":"Shaded","section":"Shading Mode"},"sceneLighting":false,"audioPlay":false,"sceneViewState":{"showFog":true,"showMaterialUpdate":true,"showSkybox":true,"showFlares":true,"showImageEffects":true,"showParticleSystems":true},"in2DMode":false,"pivot":{"x":0.0006631612777709961,"y":0.15472523868083955,"z":-0.009858712553977967},"rotation":{"x":-0.0691385418176651,"y":0.8952392935752869,"z":-0.1558390110731125,"w":-0.41168028116226199},"size":2.2978432178497316,"orthographic":false}