{"cameraMode":{"drawMode":0,"name":"Shaded","section":"Shading Mode"},"sceneLighting":false,"audioPlay":false,"sceneViewState":{"showFog":true,"showMaterialUpdate":true,"showSkybox":true,"showFlares":true,"showImageEffects":true,"showParticleSystems":true},"in2DMode":false,"pivot":{"x":0.03408980369567871,"y":1.0220444202423096,"z":0.13211417198181153},"rotation":{"x":-0.0691385418176651,"y":0.8952392935752869,"z":-0.1558390110731125,"w":-0.41168028116226199},"size":9.672479629516602,"orthographic":false}