{"cameraMode":{"drawMode":0,"name":"Shaded","section":"Shading Mode"},"sceneLighting":false,"audioPlay":false,"sceneViewState":{"showFog":true,"showMaterialUpdate":true,"showSkybox":true,"showFlares":true,"showImageEffects":true,"showParticleSystems":true},"in2DMode":false,"pivot":{"x":-14.658111572265625,"y":1.1148782968521119,"z":27.64356231689453},"rotation":{"x":-0.029783150181174279,"y":0.5423786044120789,"z":-0.019122766330838205,"w":-0.8393883109092712},"size":3.9633138179779054,"orthographic":false}