{"cameraMode":{"drawMode":0,"name":"Shaded","section":"Shading Mode"},"sceneLighting":false,"audioPlay":false,"sceneViewState":{"showFog":true,"showMaterialUpdate":true,"showSkybox":true,"showFlares":true,"showImageEffects":true,"showParticleSystems":true},"in2DMode":false,"pivot":{"x":0.009381532669067383,"y":0.5872920155525208,"z":-0.04654550552368164},"rotation":{"x":0.0037861026357859375,"y":0.9953665137290955,"z":-0.04572780802845955,"w":0.08449950814247132},"size":2.607255220413208,"orthographic":false}